{"train_loss": [1.730841117609817, 0.6804052576248588, 0.34808485194989497, 0.27085556593035504, 0.1552021934619474, 0.16288385877904205, 0.09653491652849101, 0.09382819978129822, 0.08715032772919566, 0.08449133312656093, 0.038343019662136886, 0.05397532128181654, 0.08007158226848826, 0.058811580643211445, 0.046246533377473704, 0.033899149599763534, 0.05466913998946291, 0.03912203311664132, 0.02550795817322056, 0.047994551745681825], "val_loss": [0.8947325665436161, 0.5724531455611696, 0.41725219030803296, 0.25253774045275995, 0.21442783743801977, 0.1127831946992972, 0.11518916118649297, 0.12238331135708234, 0.12381257658102074, 0.10289498289153542, 0.036767165190429385, 0.12874959274205694, 0.08465228970091956, 0.07406342829600855, 0.09183802310031014, 0.08915951046542277, 0.1347127851174934, 0.051690305090279894, 0.050081782086985716, 0.04551891112814041], "train_acc": [0.3766323024054983, 0.7736082474226803, 0.8834364261168384, 0.911615120274914, 0.9492783505154638, 0.950103092783505, 0.9716838487972508, 0.9709965635738831, 0.9731958762886597, 0.9726460481099656, 0.9890034364261168, 0.9851546391752577, 0.9752577319587628, 0.9818556701030927, 0.9873539518900343, 0.9906529209621993, 0.982955326460481, 0.9870790378006872, 0.9924398625429552, 0.9855670103092783], "val_acc": [0.7015873015873016, 0.8179138321995465, 0.8591836734693878, 0.9183673469387755, 0.9317460317460318, 0.9646258503401361, 0.9655328798185941, 0.9641723356009071, 0.9564625850340136, 0.9705215419501134, 0.9888888888888889, 0.9639455782312926, 0.9750566893424036, 0.9759637188208617, 0.9718820861678005, 0.9752834467120182, 0.9648526077097506, 0.9863945578231293, 0.9884353741496599, 0.9857142857142858]}