{"train_loss": [1.3632802336732137, 0.5134514916967281, 0.2989358623003222, 0.19397077610402583, 0.13832138318990925, 0.12009919517894381, 0.09832009212872417, 0.07679520472090473, 0.08897025161029137, 0.05042412036472989, 0.06728219299279538, 0.05476480372787751, 0.025862195434535235, 0.029311747648449186, 0.043472241831661755, 0.02700742906618774, 0.057474956352686145, 0.055858400653522856, 0.05632495285514294, 0.04426981185335679], "val_loss": [0.8992881397000786, 0.7947971844078462, 0.2533882129738897, 0.14652398720958065, 0.10947086700151702, 0.13769321455419603, 0.0953218023524495, 0.10768568180578016, 0.07169187339254234, 0.1855849422294642, 0.12464798010395933, 0.1016776306018399, 0.09566450565048945, 0.0901724641826075, 0.04576272299669497, 0.07222998455800897, 0.1466316490689643, 0.17557636634562832, 0.12321337637145183, 0.03873862847685814], "train_acc": [0.5183505154639175, 0.829828178694158, 0.9037800687285222, 0.9403436426116838, 0.9539518900343642, 0.96, 0.9661855670103092, 0.9762199312714775, 0.9718213058419243, 0.9836426116838487, 0.9807560137457044, 0.9846048109965635, 0.9931271477663229, 0.9910652920962199, 0.9866666666666666, 0.9920274914089346, 0.9830927835051546, 0.9832302405498281, 0.9851546391752577, 0.9865292096219931], "val_acc": [0.7185941043083901, 0.7845804988662132, 0.9117913832199547, 0.9541950113378685, 0.9659863945578232, 0.9609977324263039, 0.9687074829931973, 0.9662131519274377, 0.9798185941043085, 0.9473922902494332, 0.9648526077097506, 0.9680272108843538, 0.9777777777777779, 0.9780045351473924, 0.9854875283446712, 0.9820861678004535, 0.9521541950113379, 0.9537414965986395, 0.9682539682539683, 0.9895691609977325]}